,holidays
0,2025-01-01
1,2025-01-02
2,2025-01-03
3,2025-01-04
4,2025-01-05
5,2025-01-06
6,2025-01-07
7,2025-01-08
8,2025-01-11
9,2025-01-12
10,2025-01-18
11,2025-01-19
12,2025-01-25
13,2025-01-26
14,2025-02-01
15,2025-02-02
16,2025-02-08
17,2025-02-09
18,2025-02-15
19,2025-02-16
20,2025-02-22
21,2025-02-23
22,2025-03-01
23,2025-03-02
24,2025-03-08
25,2025-03-09
26,2025-03-15
27,2025-03-16
28,2025-03-22
29,2025-03-23
30,2025-03-29
31,2025-03-30
32,2025-04-05
33,2025-04-06
34,2025-04-12
35,2025-04-13
36,2025-04-19
37,2025-04-20
38,2025-04-26
39,2025-04-27
40,2025-05-01
41,2025-05-02
42,2025-05-03
43,2025-05-04
44,2025-05-08
45,2025-05-09
46,2025-05-10
47,2025-05-11
48,2025-05-17
49,2025-05-18
50,2025-05-24
51,2025-05-25
52,2025-05-31
53,2025-06-01
54,2025-06-07
55,2025-06-08
56,2025-06-12
57,2025-06-13
58,2025-06-14
59,2025-06-15
60,2025-06-21
61,2025-06-22
62,2025-06-28
63,2025-06-29
64,2025-07-05
65,2025-07-06
66,2025-07-12
67,2025-07-13
68,2025-07-19
69,2025-07-20
70,2025-07-26
71,2025-07-27
72,2025-08-02
73,2025-08-03
74,2025-08-09
75,2025-08-10
76,2025-08-16
77,2025-08-17
78,2025-08-23
79,2025-08-24
80,2025-08-30
81,2025-08-31
82,2025-09-06
83,2025-09-07
84,2025-09-13
85,2025-09-14
86,2025-09-20
87,2025-09-21
88,2025-09-27
89,2025-09-28
90,2025-10-04
91,2025-10-05
92,2025-10-11
93,2025-10-12
94,2025-10-18
95,2025-10-19
96,2025-10-25
97,2025-10-26
98,2025-11-02
99,2025-11-03
100,2025-11-04
101,2025-11-08
102,2025-11-09
103,2025-11-15
104,2025-11-16
105,2025-11-22
106,2025-11-23
107,2025-11-29
108,2025-11-30
109,2025-12-06
110,2025-12-07
111,2025-12-13
112,2025-12-14
113,2025-12-20
114,2025-12-21
115,2025-12-27
116,2025-12-28
117,2025-12-31
